[
  {
    "value": "SecondRestaurant",
    "synonyms": [
      "Second Restaurant",
      "7-11",
      "Sister",
      "Restaurant 2"
    ]
  },
  {
    "value": "FirstRestaurant",
    "synonyms": [
      "Hi-life",
      "Restaurant one",
      "Restaurant number one",
      "First Restaurant"
    ]
  },
  {
    "value": "GirlsSecondRestuarant",
    "synonyms": [
      "Girl\u0027s Second Restuarant",
      "Family",
      "CoCo",
      "Female Student Dorm 2",
      "Female Student Dormitory 2"
    ]
  },
  {
    "value": "ED202",
    "synonyms": [
      "ED202"
    ]
  },
  {
    "value": "MIRC311",
    "synonyms": [
      "MIRC311"
    ]
  },
  {
    "value": "Dorm9",
    "synonyms": [
      "Dorm 9",
      "Dormitory 9",
      "ninth dorm"
    ]
  },
  {
    "value": "McD",
    "synonyms": [
      "Mac Donalds",
      "McDonald\u0027s"
    ]
  },
  {
    "value": "BK",
    "synonyms": [
      "BK",
      "Burger King",
      "BurgerKing"
    ]
  },
  {
    "value": "KFC",
    "synonyms": [
      "KFC",
      "Kentucky Fried Chicken"
    ]
  }
]