[
  {
    "value": "Little Fan",
    "synonyms": [
      "fan",
      "little fan",
      "small fan",
      "fan little"
    ]
  },
  {
    "value": "Big Fan",
    "synonyms": [
      "big fan",
      "fan big",
      "large fan",
      "fan one"
    ]
  },
  {
    "value": "Central Curtain",
    "synonyms": [
      "Curtain",
      "Middle Curtain",
      "Central Curtain",
      "Center Curtain"
    ]
  },
  {
    "value": "Right Curtain",
    "synonyms": [
      "Right Curtain",
      "Curtain Right"
    ]
  },
  {
    "value": "Left Curtain",
    "synonyms": [
      "Left Curtain",
      "Curtain Left"
    ]
  },
  {
    "value": "Ceiling Light",
    "synonyms": [
      "Light",
      "Main Light",
      "living light",
      "Ceiling Light"
    ]
  },
  {
    "value": "Wall Light",
    "synonyms": [
      "Wall Light",
      "little light"
    ]
  },
  {
    "value": "Projection Light",
    "synonyms": [
      "Projection Light",
      "spot light"
    ]
  }
]