[
  {
    "id": "86fc39c2-244e-4a66-a044-ed0d7e552b25",
    "data": [
      {
        "text": "set ",
        "userDefined": false
      },
      {
        "text": "light",
        "alias": "object_311onoff",
        "meta": "@object_311onoff",
        "userDefined": false
      },
      {
        "text": " ",
        "userDefined": false
      },
      {
        "text": "on",
        "alias": "action_on-off",
        "meta": "@action_on-off",
        "userDefined": false
      }
    ],
    "isTemplate": false,
    "count": 1,
    "updated": 1540655626
  },
  {
    "id": "31bd82f6-e4d4-44f4-9a30-27e0c1e2afdb",
    "data": [
      {
        "text": "turn on",
        "alias": "action_on-off",
        "meta": "@action_on-off",
        "userDefined": false
      },
      {
        "text": " ",
        "userDefined": false
      },
      {
        "text": "big fan",
        "alias": "object_311onoff",
        "meta": "@object_311onoff",
        "userDefined": false
      }
    ],
    "isTemplate": false,
    "count": 2,
    "updated": 1540646440
  },
  {
    "id": "919d9001-e6f5-4110-b21a-59b1bc977eff",
    "data": [
      {
        "text": "big fan",
        "alias": "object_311onoff",
        "meta": "@object_311onoff",
        "userDefined": false
      },
      {
        "text": " ",
        "userDefined": false
      },
      {
        "text": "on",
        "alias": "action_on-off",
        "meta": "@action_on-off",
        "userDefined": false
      }
    ],
    "isTemplate": false,
    "count": 0,
    "updated": 1540646440
  },
  {
    "id": "4ac8c803-b26f-4dab-8411-4343f0475778",
    "data": [
      {
        "text": "turn on",
        "alias": "action_on-off",
        "meta": "@action_on-off",
        "userDefined": false
      },
      {
        "text": " the ",
        "userDefined": false
      },
      {
        "text": "fan",
        "alias": "object_311onoff",
        "meta": "@object_311onoff",
        "userDefined": false
      }
    ],
    "isTemplate": false,
    "count": 3,
    "updated": 1540646440
  }
]