[
  {
    "id": "a1bfd6b2-2033-438d-bb3d-6af64202f4b9",
    "data": [
      {
        "text": "show the ",
        "userDefined": false
      },
      {
        "text": "temperature",
        "alias": "status_school",
        "meta": "@status_school",
        "userDefined": false
      },
      {
        "text": " status of id ",
        "userDefined": false
      },
      {
        "text": "1",
        "alias": "number",
        "meta": "@sys.number",
        "userDefined": true
      },
      {
        "text": " in ",
        "userDefined": false
      },
      {
        "text": "ED202",
        "alias": "location_school",
        "meta": "@location_school",
        "userDefined": true
      }
    ],
    "isTemplate": false,
    "count": 0,
    "updated": 1540648781
  },
  {
    "id": "ec68bf4f-caf3-4e44-a7d9-26d983fc60ac",
    "data": [
      {
        "text": "tell me the ",
        "userDefined": false
      },
      {
        "text": "temperature",
        "alias": "status_school",
        "meta": "@status_school",
        "userDefined": false
      },
      {
        "text": " of ",
        "userDefined": false
      },
      {
        "text": "ED202",
        "alias": "location_school",
        "meta": "@location_school",
        "userDefined": true
      },
      {
        "text": "\u0027s id ",
        "userDefined": false
      },
      {
        "text": "1",
        "alias": "number",
        "meta": "@sys.number",
        "userDefined": true
      }
    ],
    "isTemplate": false,
    "count": 0,
    "updated": 1540648781
  },
  {
    "id": "607bae8a-6fe2-4c6f-bfa8-e94488d5dab3",
    "data": [
      {
        "text": "give me the ",
        "userDefined": false
      },
      {
        "text": "temperature",
        "alias": "status_school",
        "meta": "@status_school",
        "userDefined": false
      },
      {
        "text": " in ",
        "userDefined": false
      },
      {
        "text": "ED202",
        "alias": "location_school",
        "meta": "@location_school",
        "userDefined": true
      },
      {
        "text": " of id ",
        "userDefined": false
      },
      {
        "text": "1",
        "alias": "number",
        "meta": "@sys.number",
        "userDefined": true
      }
    ],
    "isTemplate": false,
    "count": 0,
    "updated": 1540660345
  },
  {
    "id": "20fc0beb-d3fb-41ca-a5c5-d77e158f72e9",
    "data": [
      {
        "text": "what is the ",
        "userDefined": false
      },
      {
        "text": "temperature",
        "alias": "status_school",
        "meta": "@status_school",
        "userDefined": false
      },
      {
        "text": " of ",
        "userDefined": false
      },
      {
        "text": "ED202",
        "alias": "location_school",
        "meta": "@location_school",
        "userDefined": true
      },
      {
        "text": " of id ",
        "userDefined": false
      },
      {
        "text": "1",
        "alias": "number",
        "meta": "@sys.number",
        "userDefined": true
      }
    ],
    "isTemplate": false,
    "count": 0,
    "updated": 1540648781
  }
]